,JJ,Marcus,Rayland,Jake,Aaron,Nate,O,Jacob,Kyle H,Kyle W,Dantae,Deontae,Drew,Kadin,Aidan
JJ,0,0,0,0,0,0,0,0,0,0,0,0,0,0,0
Marcus,0,0,0,0,0,0,0,0,0,0,0,0,0,0,0
Rayland,0,0,0,0,0,0,0,0,0,0,0,0,0,0,0
Jake,0,0,0,0,0,0,0,0,0,0,0,0,0,0,0
Aaron,0,0,0,0,0,0,0,0,0,0,0,0,0,0,0
Nate,0,0,0,0,0,0,0,0,0,0,0,0,0,0,0
O,0,0,0,0,0,0,0,0,0,0,0,0,0,0,0
Jacob,0,0,0,0,0,0,0,0,0,0,0,0,0,0,0
Kyle H,0,0,0,0,0,0,0,0,0,0,0,0,0,0,0
Kyle W,0,0,0,0,0,0,0,0,0,0,0,0,0,0,0
Dantae,0,0,0,0,0,0,0,0,0,0,0,0,0,0,0
Deontae,0,0,0,0,0,0,0,0,0,0,0,0,0,0,0
Drew,0,0,0,0,0,0,0,0,0,0,0,0,0,0,0
Kadin,0,0,0,0,0,0,0,0,0,0,0,0,0,0,0
Aidan,0,0,0,0,0,0,0,0,0,0,0,0,0,0,0
